City_ID,City,Country,Date,Lat,Lng,Max Temp,Humidity,Cloudiness,Wind Speed
0,Jamestown,US,2020-10-20 01:17:49,42.1,-79.24,53.01,93,90,8.05
1,Saint George,US,2020-10-20 01:17:50,37.1,-113.58,80.6,11,1,11.41
2,Lazaro Cardenas,MX,2020-10-20 01:17:50,17.96,-102.2,81.41,85,52,4.56
3,Sitka,US,2020-10-20 01:17:50,57.05,-135.33,44.6,81,75,9.17
4,Chicama,PE,2020-10-20 01:17:50,-7.84,-79.15,63.32,80,2,7.11
5,Olafsvik,IS,2020-10-20 01:17:50,64.89,-23.71,38.73,74,92,6.51
6,Vaini,TO,2020-10-20 01:15:34,-21.2,-175.2,77.0,69,40,12.75
7,Hobart,AU,2020-10-20 01:16:01,-42.88,147.33,66.0,58,40,6.93
8,Shingu,JP,2020-10-20 01:17:51,33.73,135.98,66.2,55,40,4.7
9,Cabedelo,BR,2020-10-20 01:17:51,-6.98,-34.83,73.4,88,20,4.7
10,Ribeira Grande,PT,2020-10-20 01:15:24,38.52,-28.7,64.15,69,28,26.57
11,Tasiilaq,GL,2020-10-20 01:15:21,65.61,-37.64,30.2,92,60,9.17
12,Rikitea,PF,2020-10-20 01:17:51,-23.12,-134.97,74.41,76,0,11.1
13,Klyuchi,RU,2020-10-20 01:17:51,52.27,79.17,38.41,66,98,11.79
14,Busselton,AU,2020-10-20 01:17:51,-33.65,115.33,66.99,65,0,1.99
15,Yellowknife,CA,2020-10-20 01:14:43,62.46,-114.35,27.0,73,75,2.24
16,Monrovia,LR,2020-10-20 01:17:52,6.3,-10.8,78.31,86,80,9.55
17,Ushuaia,AR,2020-10-20 01:17:52,-54.8,-68.3,35.6,93,75,24.16
18,Cape Town,ZA,2020-10-20 01:17:52,-33.93,18.42,59.0,93,75,6.93
19,Lopatino,RU,2020-10-20 01:17:52,52.62,45.81,38.32,89,6,7.05
20,Thompson,CA,2020-10-20 01:15:02,55.74,-97.86,28.4,63,90,4.7
21,Albany,US,2020-10-20 01:17:53,42.6,-73.97,55.0,89,100,5.41
22,Nikolskoye,RU,2020-10-20 01:15:51,59.7,30.79,35.6,80,90,15.66
23,Yerbogachen,RU,2020-10-20 01:17:53,61.28,108.01,24.64,94,100,11.9
24,Maldonado,UY,2020-10-20 01:17:53,-34.67,-54.92,62.6,88,90,16.11
25,Vila Velha,BR,2020-10-20 01:12:59,-20.33,-40.29,71.6,88,75,2.24
26,Bredasdorp,ZA,2020-10-20 01:15:19,-34.53,20.04,57.2,76,93,11.41
27,Port Hawkesbury,CA,2020-10-20 01:17:53,45.62,-61.35,55.99,100,90,8.05
28,Punta Arenas,CL,2020-10-20 01:13:21,-53.15,-70.92,39.2,80,20,23.04
29,Bollnas,SE,2020-10-20 01:15:20,61.35,16.39,29.59,97,40,2.1
30,Ahipara,NZ,2020-10-20 01:15:48,-35.17,173.17,65.43,65,100,11.3
31,Cockburn Town,TC,2020-10-20 01:17:54,21.46,-71.14,82.06,77,97,13.42
32,Souillac,MU,2020-10-20 01:17:54,-20.52,57.52,73.4,78,20,8.05
33,Hondo,JP,2020-10-20 01:17:54,32.45,130.2,69.8,52,20,13.87
34,Hokitika,NZ,2020-10-20 01:17:54,-42.72,170.97,56.55,67,58,9.69
35,Sechura,PE,2020-10-20 01:17:54,-5.56,-80.82,66.76,74,54,13.38
36,Tiksi,RU,2020-10-20 01:17:55,71.69,128.87,14.25,92,100,23.82
37,Porto Santo,PT,2020-10-20 01:17:55,33.07,-16.34,68.0,94,75,10.29
38,Margate,GB,2020-10-20 01:17:55,51.38,1.39,54.0,66,100,5.01
39,Guarapari,BR,2020-10-20 01:17:55,-20.67,-40.5,69.8,94,75,4.7
40,Hilo,US,2020-10-20 01:14:10,19.73,-155.09,86.0,55,1,13.87
41,Sola,VU,2020-10-20 01:17:55,-13.88,167.55,86.0,70,90,4.7
42,Xichang,CN,2020-10-20 01:17:55,27.9,102.26,54.95,79,91,2.08
43,Kijang,KR,2020-10-20 01:17:56,35.24,129.21,62.6,55,0,4.7
44,Axim,GH,2020-10-20 01:15:00,4.87,-2.24,77.25,88,73,7.81
45,Jalgaon,IN,2020-10-20 01:17:56,21.02,75.57,77.47,82,1,1.43
46,Port Blair,IN,2020-10-20 01:17:56,11.67,92.75,81.72,82,89,15.05
47,Hovd,MN,2020-10-20 01:16:36,48.01,91.64,25.34,82,0,2.44
48,Kesinga,IN,2020-10-20 01:17:56,20.2,83.23,74.84,90,22,2.15
49,Tabuk,PH,2020-10-20 01:17:56,17.42,121.44,76.24,90,100,12.1
50,Touros,BR,2020-10-20 01:17:57,-5.2,-35.46,77.0,83,40,3.36
51,Carrefour,HT,2020-10-20 01:17:57,18.54,-72.4,80.6,83,84,5.82
52,Esperance,AU,2020-10-20 01:17:57,-33.87,121.9,60.8,100,90,9.17
53,Aden,YE,2020-10-20 01:13:29,12.78,45.04,82.98,58,0,2.95
54,Zyryanka,RU,2020-10-20 01:17:57,65.75,150.85,19.33,96,100,7.78
55,Sibu,MY,2020-10-20 01:17:58,2.3,111.82,80.6,83,20,5.82
56,Severo-Kurilsk,RU,2020-10-20 01:17:58,50.68,156.12,42.21,64,67,10.83
57,Beringovskiy,RU,2020-10-20 01:15:35,63.05,179.32,39.58,82,97,11.5
58,Clyde River,CA,2020-10-20 01:17:58,70.47,-68.59,32.0,91,1,18.34
59,Port Hedland,AU,2020-10-20 01:17:58,-20.32,118.57,82.4,65,0,11.41
60,Kutum,SD,2020-10-20 01:17:58,14.2,24.67,73.87,20,23,9.06
61,Mataura,NZ,2020-10-20 01:17:58,-46.19,168.86,52.0,76,83,13.0
62,Magdagachi,RU,2020-10-20 01:17:58,53.45,125.8,30.06,94,100,8.97
63,Pisco,PE,2020-10-20 01:17:59,-13.7,-76.22,64.4,72,0,14.99
64,Namatanai,PG,2020-10-20 01:17:59,-3.67,152.43,84.76,70,92,1.34
65,San Cristobal,VE,2020-10-20 01:16:01,7.77,-72.22,84.2,58,40,4.7
66,Karema,TZ,2020-10-20 01:17:59,-6.82,30.44,74.88,61,0,3.94
67,Saskylakh,RU,2020-10-20 01:17:59,71.92,114.08,22.46,97,86,4.79
68,Salalah,OM,2020-10-20 01:17:59,17.02,54.09,80.6,51,75,3.36
69,Saint Anthony,US,2020-10-20 01:18:00,45.02,-93.22,34.0,80,90,3.11
70,Kavaratti,IN,2020-10-20 01:18:00,10.57,72.64,81.0,75,79,10.8
71,Dunedin,NZ,2020-10-20 01:18:00,-45.87,170.5,57.0,59,93,17.0
72,Kapaa,US,2020-10-20 01:18:00,22.08,-159.32,84.99,70,40,12.75
73,Amberley,US,2020-10-20 01:18:00,39.2,-84.43,55.99,93,90,0.85
74,Ilulissat,GL,2020-10-20 01:15:26,69.22,-51.1,37.4,89,100,4.7
75,Goderich,CA,2020-10-20 01:18:01,43.75,-81.72,48.0,81,100,9.37
76,Moose Factory,CA,2020-10-20 01:18:01,51.26,-80.61,30.2,86,1,3.36
77,Port Alfred,ZA,2020-10-20 01:18:01,-33.59,26.89,62.06,80,0,21.59
78,Basco,PH,2020-10-20 01:18:01,20.45,121.97,82.92,78,100,34.67
79,Kavieng,PG,2020-10-20 01:15:30,-2.57,150.8,83.86,70,100,2.98
80,Asau,RO,2020-10-20 01:18:01,46.43,26.4,41.0,93,0,1.12
81,Bulungu,CD,2020-10-20 01:18:01,-4.55,18.6,70.83,96,97,2.19
82,Hithadhoo,MV,2020-10-20 01:15:34,-0.6,73.08,82.65,78,71,13.0
83,Kondagaon,IN,2020-10-20 01:18:02,19.6,81.67,69.82,93,50,4.21
84,East London,ZA,2020-10-20 01:15:47,-33.02,27.91,64.15,80,82,20.85
85,Onverwacht,SR,2020-10-20 01:18:02,5.58,-55.18,82.0,89,53,3.0
86,Husavik,IS,2020-10-20 01:15:22,66.04,-17.34,30.2,92,75,3.36
87,Carnarvon,AU,2020-10-20 01:18:02,-24.87,113.63,69.8,73,90,14.99
88,Churapcha,RU,2020-10-20 01:18:02,62.0,132.43,13.96,94,100,5.64
89,Castro,BR,2020-10-20 01:16:29,-24.79,-50.01,61.52,97,6,6.35
90,Yenagoa,NG,2020-10-20 01:18:02,4.92,6.26,74.73,95,95,2.66
91,Chokurdakh,RU,2020-10-20 01:18:03,70.63,147.92,16.16,98,94,6.26
92,Deputatskiy,RU,2020-10-20 01:18:03,69.3,139.9,10.83,95,100,3.71
93,Mar Del Plata,AR,2020-10-20 01:17:20,-38.0,-57.56,54.0,62,0,16.11
94,Muros,ES,2020-10-20 01:18:03,42.78,-9.06,61.0,92,100,8.01
95,New Norfolk,AU,2020-10-20 01:18:03,-42.78,147.06,66.0,61,56,1.01
96,Cherskiy,RU,2020-10-20 01:15:29,68.75,161.3,21.63,94,56,3.94
97,Kirakira,SB,2020-10-20 01:16:23,-10.45,161.92,84.42,74,18,10.0
98,Qaanaaq,GL,2020-10-20 01:18:03,77.48,-69.36,27.5,88,7,5.97
99,Zhigalovo,RU,2020-10-20 01:18:04,54.81,105.16,25.92,89,95,9.95
100,Saint-Philippe,RE,2020-10-20 01:18:04,-21.36,55.77,69.8,60,37,4.7
101,Aykhal,RU,2020-10-20 01:18:04,66.0,111.5,17.6,92,90,7.05
102,Imphal,IN,2020-10-20 01:18:04,24.82,93.95,69.82,90,78,1.39
103,Butaritari,KI,2020-10-20 01:18:04,3.07,172.79,82.51,77,100,10.69
104,Raudeberg,NO,2020-10-20 01:16:35,61.99,5.14,39.0,74,100,11.81
105,Mahebourg,MU,2020-10-20 01:18:04,-20.41,57.7,73.4,78,20,8.05
106,Chepareria,KE,2020-10-20 01:18:05,1.31,35.2,62.71,83,96,1.28
107,Upernavik,GL,2020-10-20 01:18:05,72.79,-56.15,32.81,93,100,8.03
108,Tuktoyaktuk,CA,2020-10-20 01:15:24,69.45,-133.04,23.0,92,90,13.87
109,Alofi,NU,2020-10-20 01:15:46,-19.06,-169.92,78.8,69,18,16.11
110,Karacakoy,TR,2020-10-20 01:18:05,41.4,28.38,66.0,55,75,12.75
111,Balabac,PH,2020-10-20 01:18:05,7.99,117.06,80.31,85,100,12.46
112,Dikson,RU,2020-10-20 01:15:30,73.51,80.55,23.97,95,96,17.27
113,Kyren,RU,2020-10-20 01:18:05,51.68,102.14,22.12,90,87,1.86
114,Kidal,ML,2020-10-20 01:18:06,18.44,1.41,85.3,14,0,9.35
115,Carutapera,BR,2020-10-20 01:18:06,-1.2,-46.02,78.96,81,99,7.2
116,College,US,2020-10-20 01:18:06,64.86,-147.8,21.99,85,90,1.28
117,Cabo San Lucas,MX,2020-10-20 01:14:50,22.89,-109.91,86.0,58,5,6.93
118,Okazaki,JP,2020-10-20 01:18:06,34.95,137.17,66.0,67,99,11.41
119,Ballina,AU,2020-10-20 01:18:06,-28.87,153.57,75.2,64,40,14.99
120,Bethel,US,2020-10-20 01:18:06,41.37,-73.41,55.4,93,1,8.05
121,Bonthe,SL,2020-10-20 01:18:06,7.53,-12.51,78.39,87,100,5.26
122,Saint Cloud,US,2020-10-20 01:18:06,45.56,-94.16,32.0,92,90,3.83
123,Atuona,PF,2020-10-20 01:18:07,-9.8,-139.03,78.57,74,3,18.81
124,Avarua,CK,2020-10-20 01:18:07,-21.21,-159.78,80.6,74,33,4.7
125,Port-Gentil,GA,2020-10-20 01:18:07,-0.72,8.78,78.69,85,100,12.5
126,Kaitangata,NZ,2020-10-20 01:15:32,-46.28,169.85,54.45,51,87,10.54
127,San Quintin,MX,2020-10-20 01:18:07,30.48,-115.95,71.11,73,0,17.31
128,Sursk,RU,2020-10-20 01:18:07,53.08,45.68,36.72,93,7,7.49
129,Rincon,US,2020-10-20 01:18:07,32.3,-81.24,71.6,78,40,6.93
130,Saldanha,ZA,2020-10-20 01:18:07,-33.01,17.94,53.6,76,100,2.24
131,Anzio,IT,2020-10-20 01:18:08,41.49,12.62,57.0,76,0,2.24
132,Hermanus,ZA,2020-10-20 01:18:08,-34.42,19.23,57.99,74,15,4.0
133,Ostrovnoy,RU,2020-10-20 01:18:08,68.05,39.51,35.17,84,100,13.38
134,The Valley,AI,2020-10-20 01:16:42,18.22,-63.06,82.4,69,20,8.05
135,Ancud,CL,2020-10-20 01:18:08,-41.87,-73.82,45.0,86,40,5.82
136,Winfield,US,2020-10-20 01:18:08,37.24,-97.0,50.0,66,90,5.82
137,Siuna,NI,2020-10-20 01:18:08,13.73,-84.78,74.1,93,100,2.66
138,Longyearbyen,SJ,2020-10-20 01:18:09,78.22,15.64,28.4,63,75,13.87
139,Tuy Hoa,VN,2020-10-20 01:15:50,13.08,109.3,79.38,86,100,4.52
140,Jardim,BR,2020-10-20 01:18:09,-21.48,-56.14,75.09,78,14,4.41
141,Iralaya,HN,2020-10-20 01:18:08,15.0,-83.23,80.01,85,100,8.08
142,La Ronge,CA,2020-10-20 01:18:09,55.1,-105.28,26.6,58,75,5.82
143,Kulhudhuffushi,MV,2020-10-20 01:18:09,6.62,73.07,81.59,79,3,12.95
144,Batagay-Alyta,RU,2020-10-20 01:18:09,67.8,130.41,14.13,91,100,2.55
145,Auki,SB,2020-10-20 01:16:00,-8.77,160.7,84.43,75,77,3.69
146,Bubaque,GW,2020-10-20 01:18:10,11.28,-15.83,82.49,88,1,8.63
147,Smolenskoye,RU,2020-10-20 01:18:10,52.3,85.08,36.52,75,100,4.43
148,Devonport,AU,2020-10-20 01:18:10,-41.17,146.35,57.0,69,11,5.01
149,Constitucion,CL,2020-10-20 01:16:40,-35.33,-72.42,54.45,59,98,13.73
150,Arraial Do Cabo,BR,2020-10-20 01:18:10,-22.97,-42.03,73.4,78,20,18.34
151,Mackay,AU,2020-10-20 01:18:10,-21.15,149.2,84.99,57,90,11.41
152,Sompeta,IN,2020-10-20 01:18:10,18.93,84.6,79.21,81,49,6.76
153,Bud,US,2020-10-20 01:18:11,39.45,-86.18,48.2,100,90,4.7
154,Sao Filipe,CV,2020-10-20 01:18:11,14.9,-24.5,82.51,69,24,3.15
155,Mogzon,RU,2020-10-20 01:18:11,51.74,111.96,28.89,91,100,14.74
156,Binzhou,CN,2020-10-20 01:16:54,37.37,118.02,64.0,50,100,6.22
157,Avera,US,2020-10-20 01:18:11,33.19,-82.53,66.2,82,1,4.7
158,Turukhansk,RU,2020-10-20 01:18:11,65.82,87.98,10.72,96,97,3.67
159,Yulara,AU,2020-10-20 01:15:59,-25.24,130.99,73.4,64,0,11.41
160,Airai,TL,2020-10-20 01:18:12,-8.93,125.41,78.78,34,1,3.31
161,Georgetown,MY,2020-10-20 01:17:28,5.41,100.34,82.4,83,20,4.7
162,Sao Joao Da Barra,BR,2020-10-20 01:18:12,-21.64,-41.05,72.7,83,100,11.32
163,Bluff,NZ,2020-10-20 01:18:12,-46.6,168.33,52.0,76,54,13.0
164,Maniitsoq,GL,2020-10-20 01:18:12,65.42,-52.9,37.92,86,100,21.23
165,Faya,SA,2020-10-20 01:15:54,18.39,42.45,53.6,27,0,9.17
166,Te Anau,NZ,2020-10-20 01:16:26,-45.42,167.72,54.93,49,7,4.43
167,Puerto Ayora,EC,2020-10-20 01:18:13,-0.74,-90.35,69.01,92,98,5.99
168,Itarema,BR,2020-10-20 01:18:13,-2.92,-39.92,79.07,80,0,18.01
169,Khatanga,RU,2020-10-20 01:18:13,71.97,102.5,11.88,97,89,2.26
170,Grindavik,IS,2020-10-20 01:18:13,63.84,-22.43,33.8,86,88,9.17
171,Babina,IN,2020-10-20 01:18:13,25.25,78.47,77.76,31,71,3.09
172,Bengkulu,ID,2020-10-20 01:16:16,-3.8,102.27,78.58,79,100,4.83
173,Buraydah,SA,2020-10-20 01:18:13,26.33,43.98,60.8,41,0,4.7
174,Faanui,PF,2020-10-20 01:18:14,-16.48,-151.75,78.98,80,19,19.62
175,Finschhafen,PG,2020-10-20 01:18:14,-6.6,147.87,84.42,65,54,3.4
176,Lavrentiya,RU,2020-10-20 01:18:14,65.58,-171.0,35.96,75,4,5.5
177,Kon Tum,VN,2020-10-20 01:18:14,14.35,108.0,73.11,91,100,0.96
178,Mao,ES,2020-10-20 01:18:14,39.89,4.27,60.8,77,0,6.93
179,Vitkov,CZ,2020-10-20 01:18:14,49.77,17.75,37.4,93,3,5.82
180,Marsh Harbour,BS,2020-10-20 01:18:14,26.54,-77.06,80.94,77,100,20.92
181,Port Macquarie,AU,2020-10-20 01:13:24,-31.43,152.92,70.0,64,35,1.99
182,Kurtamysh,RU,2020-10-20 01:18:14,54.91,64.43,48.56,89,97,1.57
183,Guerrero Negro,MX,2020-10-20 01:18:15,27.98,-114.06,75.76,62,0,16.22
184,Bambanglipuro,ID,2020-10-20 01:14:00,-7.95,110.28,82.31,70,94,2.48
185,Zhigansk,RU,2020-10-20 01:16:14,66.77,123.37,18.1,96,100,12.21
186,Caravelas,BR,2020-10-20 01:15:30,-17.71,-39.25,72.9,83,100,4.07
187,Barrow,US,2020-10-20 01:18:15,71.29,-156.79,24.8,79,90,10.29
188,Witu,KE,2020-10-20 01:18:15,-2.39,40.44,77.0,88,90,7.52
189,Ninotsminda,GE,2020-10-20 01:18:16,41.26,43.59,48.2,66,78,2.24
190,Port Elizabeth,ZA,2020-10-20 01:18:16,-33.92,25.57,59.0,82,75,21.92
191,Chuy,UY,2020-10-20 01:16:20,-33.7,-53.46,65.64,78,0,3.78
192,Praia,CV,2020-10-20 01:18:16,14.92,-23.51,82.4,61,67,9.17
193,Amapa,BR,2020-10-20 01:18:16,1.0,-52.0,77.47,67,100,4.34
194,Lodja,CD,2020-10-20 01:18:16,-3.48,23.43,69.62,98,89,1.41
195,Pangai,TO,2020-10-20 01:18:16,-19.8,-174.35,77.0,73,40,11.41
196,Prieska,ZA,2020-10-20 01:18:16,-29.66,22.75,59.74,33,0,8.95
197,Fairbanks,US,2020-10-20 01:18:17,64.84,-147.72,21.99,85,90,1.25
198,Oistins,BB,2020-10-20 01:18:17,13.07,-59.53,80.6,83,40,4.7
199,Strathpeffer,GB,2020-10-20 01:18:17,57.59,-4.54,50.0,93,100,1.92
200,Sorland,NO,2020-10-20 01:15:42,67.67,12.69,39.43,67,95,3.31
201,Thinadhoo,MV,2020-10-20 01:18:17,0.53,72.93,82.8,77,90,12.91
202,Bonavista,CA,2020-10-20 01:18:17,48.65,-53.11,48.99,86,100,4.0
203,Navashino,RU,2020-10-20 01:18:17,55.53,42.2,35.8,85,0,10.25
204,Korla,CN,2020-10-20 01:18:17,41.76,86.15,42.01,88,0,4.0
205,Bambous Virieux,MU,2020-10-20 01:16:41,-20.34,57.76,73.4,78,20,8.05
206,Kruisfontein,ZA,2020-10-20 01:18:18,-34.0,24.73,60.01,71,100,4.0
207,Lagoa,PT,2020-10-20 01:16:18,39.05,-27.98,63.72,69,0,28.45
208,Holguin,CU,2020-10-20 01:18:18,20.89,-76.26,78.8,83,75,1.12
209,Strezhevoy,RU,2020-10-20 01:18:18,60.73,77.59,32.0,98,90,6.71
210,Sawtell,AU,2020-10-20 01:18:18,-30.38,153.1,69.8,64,90,9.17
211,Mikkeli,FI,2020-10-20 01:18:18,61.69,27.27,32.0,98,100,3.0
212,Katangli,RU,2020-10-20 01:18:19,51.71,143.23,36.95,68,98,14.67
213,Gamba,GA,2020-10-20 01:16:31,-2.65,10.0,76.62,89,100,7.23
214,Bowmore,US,2020-10-20 01:18:19,34.94,-79.3,64.4,88,1,3.36
215,Karratha,AU,2020-10-20 01:16:17,-20.74,116.85,79.5,41,0,5.55
216,Sinnamary,GF,2020-10-20 01:18:19,5.38,-52.95,80.91,82,68,11.77
217,Adrar,MR,2020-10-20 01:16:14,20.5,-10.07,83.01,20,0,10.38
218,Ponta Do Sol,PT,2020-10-20 01:18:19,32.67,-17.1,68.0,94,75,12.75
219,Grand Gaube,MU,2020-10-20 01:18:19,-20.01,57.66,72.0,77,0,3.0
220,Road Town,VG,2020-10-20 01:18:19,18.42,-64.62,81.0,84,30,1.99
221,Shibetsu,JP,2020-10-20 01:18:20,43.66,145.13,59.0,44,40,11.41
222,Victoria,HK,2020-10-20 01:16:42,22.29,114.16,75.99,69,0,3.0
223,Dubbo,AU,2020-10-20 01:18:20,-32.25,148.62,73.4,49,1,8.05
224,Ust-Kulom,RU,2020-10-20 01:18:20,61.69,53.69,32.97,95,100,5.61
225,Luderitz,NA,2020-10-20 01:18:20,-26.65,15.16,57.56,72,0,22.44
226,Manaure,CO,2020-10-20 01:18:20,11.78,-72.44,83.84,77,98,9.15
227,Coos Bay,US,2020-10-20 01:18:21,43.37,-124.22,61.0,87,1,17.22
228,Comodoro Rivadavia,AR,2020-10-20 01:15:02,-45.87,-67.5,50.0,42,0,6.93
229,Coria,ES,2020-10-20 01:18:21,39.99,-6.54,61.0,89,100,8.01
230,Balakhta,RU,2020-10-20 01:18:21,55.38,91.6,30.56,94,99,12.01
231,Aswan,EG,2020-10-20 01:18:21,24.09,32.91,78.89,24,0,8.57
232,Porto Novo,BJ,2020-10-20 01:18:21,6.5,2.6,75.2,94,40,4.7
233,Coquimbo,CL,2020-10-20 01:15:33,-29.95,-71.34,55.4,82,0,3.36
234,Buchanan,LR,2020-10-20 01:18:22,5.88,-10.05,77.59,89,50,8.77
235,Henties Bay,NA,2020-10-20 01:18:22,-22.12,14.28,55.99,89,0,1.01
236,Savalou,BJ,2020-10-20 01:18:22,7.93,1.98,74.61,95,100,4.18
237,Aksu,CN,2020-10-20 01:18:22,41.12,80.26,46.36,51,0,3.51
238,Port Lincoln,AU,2020-10-20 01:16:34,-34.73,135.87,60.53,73,100,11.61
239,Codrington,AU,2020-10-20 01:18:22,-38.27,141.97,57.6,72,70,2.59
240,Lorengau,PG,2020-10-20 01:18:22,-2.02,147.27,86.25,63,100,3.6
241,Mattru,SL,2020-10-20 01:18:23,7.62,-11.83,73.89,98,85,1.95
242,Egvekinot,RU,2020-10-20 01:16:39,66.32,-179.17,28.29,98,9,4.38
243,Poum,NC,2020-10-20 01:18:23,-20.23,164.02,75.38,72,0,9.98
244,Umm Lajj,SA,2020-10-20 01:18:23,25.02,37.27,81.81,40,0,6.44
245,Kohlu,PK,2020-10-20 01:18:23,29.9,69.25,53.53,27,0,2.35
246,Vaitape,PF,2020-10-20 01:18:23,-16.52,-151.75,79.83,78,15,19.55
247,Camacha,PT,2020-10-20 01:18:23,33.08,-16.33,68.0,94,75,10.29
248,Isangel,VU,2020-10-20 01:18:23,-19.55,169.27,82.4,61,75,11.41
249,Juneau,US,2020-10-20 01:15:00,58.3,-134.42,41.0,80,90,13.87
250,Mugumu,TZ,2020-10-20 01:18:24,-1.85,34.7,67.66,65,84,3.53
251,Hasaki,JP,2020-10-20 01:18:24,35.73,140.83,66.0,82,75,10.29
252,Mount Isa,AU,2020-10-20 01:18:24,-20.73,139.5,93.2,12,0,9.17
253,Varhaug,NO,2020-10-20 01:18:24,58.61,5.65,46.0,99,100,5.99
254,Dalian,CN,2020-10-20 01:18:24,38.91,121.6,64.4,72,0,6.71
255,Ribas Do Rio Pardo,BR,2020-10-20 01:18:24,-20.44,-53.76,72.54,88,35,4.07
256,Katsuura,JP,2020-10-20 01:18:24,35.13,140.3,64.99,59,88,11.41
257,Magadan,RU,2020-10-20 01:18:25,59.57,150.8,29.88,94,85,5.39
258,Jinchang,CN,2020-10-20 01:18:12,38.5,102.17,48.78,44,0,7.29
259,Nanortalik,GL,2020-10-20 01:18:25,60.14,-45.24,37.56,87,100,7.61
260,Bandarbeyla,SO,2020-10-20 01:15:42,9.49,50.81,77.11,70,38,5.57
261,Saint-Georges,GD,2020-10-20 01:18:25,12.06,-61.75,82.4,83,40,8.05
262,Cayenne,GF,2020-10-20 01:18:20,4.93,-52.33,80.6,83,13,4.7
263,Batagay,RU,2020-10-20 01:18:25,67.63,134.63,11.68,94,100,4.12
264,Namibe,AO,2020-10-20 01:18:25,-15.2,12.15,66.81,84,4,3.87
265,Praia Da Vitoria,PT,2020-10-20 01:18:26,38.73,-27.07,62.6,77,40,26.71
266,Galesong,ID,2020-10-20 01:15:23,-5.32,119.37,82.4,74,20,2.24
267,Igarka,RU,2020-10-20 01:18:26,67.47,86.58,7.05,95,99,3.69
268,Puerto Madryn,AR,2020-10-20 01:15:34,-42.77,-65.04,52.27,45,0,12.15
269,Muravlenko,RU,2020-10-20 01:18:26,63.79,74.52,24.66,99,70,0.27
270,Vengerovo,RU,2020-10-20 01:18:26,55.68,76.75,40.98,82,100,8.61
271,Togur,RU,2020-10-20 01:18:26,58.36,82.83,34.14,97,100,8.23
272,Yeppoon,AU,2020-10-20 01:18:27,-23.13,150.73,86.0,42,20,5.82
273,Coihaique,CL,2020-10-20 01:18:27,-45.58,-72.07,39.2,86,8,2.24
274,Pevek,RU,2020-10-20 01:15:43,69.7,170.31,26.24,93,1,14.99
275,Nome,US,2020-10-20 01:13:28,64.5,-165.41,39.0,93,90,4.7
276,Broome,US,2020-10-20 01:18:27,42.25,-75.83,55.99,93,90,8.05
277,Shima,CN,2020-10-20 01:18:27,24.45,117.81,73.4,60,20,17.9
278,Jutai,BR,2020-10-20 01:18:27,-5.18,-68.9,74.26,81,42,1.32
279,Aklavik,CA,2020-10-20 01:16:05,68.22,-135.01,23.0,92,90,4.7
280,Umtata,ZA,2020-10-20 01:18:27,-31.59,28.78,53.6,93,0,1.12
281,Hofn,IS,2020-10-20 01:18:28,64.25,-15.21,38.32,74,0,12.88
282,Inhambane,MZ,2020-10-20 01:14:18,-23.86,35.38,69.4,84,0,12.3
283,Impfondo,CG,2020-10-20 01:18:28,1.64,18.07,70.0,93,100,2.1
284,Vestmannaeyjar,IS,2020-10-20 01:18:28,63.44,-20.27,39.56,79,77,1.77
285,Cidreira,BR,2020-10-20 01:18:28,-30.18,-50.21,67.66,91,0,14.79
286,Douentza,ML,2020-10-20 01:18:28,15.0,-2.95,85.37,20,0,5.61
287,Guadalupe Y Calvo,MX,2020-10-20 01:18:28,26.1,-106.97,57.63,90,2,1.32
288,Kamenka,RU,2020-10-20 01:18:28,51.32,42.77,37.51,91,1,6.93
289,Mhlume,SZ,2020-10-20 01:18:29,-26.03,31.85,75.0,73,0,10.09
290,Uruguaiana,BR,2020-10-20 01:18:29,-29.75,-57.09,78.8,65,0,6.58
291,Tilichiki,RU,2020-10-20 01:18:29,60.47,166.1,38.62,98,100,0.34
292,Garden City,US,2020-10-20 01:18:29,42.33,-83.33,46.4,81,90,12.75
293,Miraflores,MX,2020-10-20 01:18:29,19.22,-98.81,71.6,37,75,14.99
294,Bilma,NE,2020-10-20 01:18:29,18.69,12.92,77.99,17,0,3.69
295,Arlit,NE,2020-10-20 01:16:01,18.74,7.39,87.08,12,0,8.93
296,Sovetskiy,RU,2020-10-20 01:18:29,61.36,63.58,33.46,96,100,3.38
297,Voyvozh,RU,2020-10-20 01:18:30,62.89,54.96,31.71,99,100,6.6
298,Gorgan,IR,2020-10-20 01:18:30,36.84,54.43,50.0,87,0,2.64
299,Dano,BF,2020-10-20 01:18:30,11.15,-3.07,78.96,60,7,5.3
300,Kiruna,SE,2020-10-20 01:18:30,67.86,20.23,10.4,100,58,3.36
301,Gweru,ZW,2020-10-20 01:18:30,-19.45,29.82,62.04,38,0,3.71
302,Naze,JP,2020-10-20 01:18:31,28.37,129.48,80.6,74,40,21.92
303,Lakes Entrance,AU,2020-10-20 01:18:31,-37.88,147.98,66.99,70,0,7.0
304,Meadow Lake,US,2020-10-20 01:16:12,34.8,-106.54,80.6,9,20,6.93
305,Morondava,MG,2020-10-20 01:18:31,-20.28,44.28,72.9,75,0,6.2
306,Fortuna,US,2020-10-20 01:18:31,40.6,-124.16,57.0,100,90,10.29
307,Lebu,CL,2020-10-20 01:15:56,-37.62,-73.65,49.93,75,4,14.88
308,Kaka,TM,2020-10-20 01:18:31,37.35,59.61,50.59,50,0,0.49
309,Richards Bay,ZA,2020-10-20 01:18:31,-28.78,32.04,69.24,93,23,2.77
310,Aripuana,BR,2020-10-20 01:18:32,-9.17,-60.63,75.16,75,100,2.13
311,Geraldton,AU,2020-10-20 01:18:32,-28.77,114.6,69.8,64,90,12.75
312,Iracoubo,GF,2020-10-20 01:16:24,5.48,-53.2,81.28,81,68,11.7
313,Bathsheba,BB,2020-10-20 01:18:32,13.22,-59.52,82.4,78,40,2.24
314,Siniscola,IT,2020-10-20 01:18:32,40.57,9.69,48.2,93,89,1.12
315,Bobo Dioulasso,BF,2020-10-20 01:18:32,11.18,-4.3,75.45,72,29,6.26
316,Front Royal,US,2020-10-20 01:17:40,38.92,-78.19,63.0,82,1,4.07
317,Lansdale,US,2020-10-20 01:16:24,40.24,-75.28,61.0,82,1,4.7
318,Iquitos,PE,2020-10-20 01:18:33,-3.75,-73.25,80.6,83,96,5.82
319,Marsa Matruh,EG,2020-10-20 01:18:33,31.35,27.25,73.4,69,6,9.17
320,Saint-Augustin,CA,2020-10-20 01:15:55,51.23,-58.65,43.86,81,100,10.63
321,Tres Lagoas,BR,2020-10-20 01:18:33,-20.75,-51.68,72.36,90,100,3.13
322,Tateyama,JP,2020-10-20 01:18:33,34.98,139.87,66.2,59,75,20.8
323,Kodiak,US,2020-10-20 01:18:33,57.79,-152.41,48.2,45,1,14.99
324,Tonantins,BR,2020-10-20 01:18:33,-2.87,-67.8,75.47,88,94,0.49
325,Morros,BR,2020-10-20 01:16:15,-9.45,-46.3,82.27,40,29,5.55
326,Domoni,KM,2020-10-20 01:18:34,-12.26,44.53,75.36,78,0,3.98
327,Hami,CN,2020-10-20 01:18:34,42.8,93.45,44.62,55,1,2.62
328,Jiuquan,CN,2020-10-20 01:18:34,39.74,98.52,50.52,41,0,17.05
329,Pasto,CO,2020-10-20 01:18:34,1.21,-77.28,52.23,91,99,2.26
330,Ambon,ID,2020-10-20 01:18:34,-3.7,128.18,87.8,66,40,4.7
331,Charters Towers,AU,2020-10-20 01:18:34,-20.1,146.27,89.33,29,0,10.8
332,Vrangel,RU,2020-10-20 01:18:34,42.73,133.08,56.59,56,0,0.89
333,Hsinchu,TW,2020-10-20 01:16:57,24.8,120.97,78.01,64,69,11.01
334,Muzhi,RU,2020-10-20 01:18:35,65.37,64.67,15.06,97,37,0.89
335,Katherine,AU,2020-10-20 01:18:35,-14.47,132.27,91.4,52,20,10.29
336,Ugoofaaru,MV,2020-10-20 01:15:45,5.67,73.0,81.99,78,28,12.53
337,Nador,MA,2020-10-20 01:18:35,35.17,-2.93,64.4,82,53,3.36
338,Provideniya,RU,2020-10-20 01:18:35,64.38,-173.3,35.6,80,75,2.24
339,Bagdarin,RU,2020-10-20 01:18:35,54.43,113.6,27.88,93,100,10.87
340,Webuye,KE,2020-10-20 01:18:35,0.61,34.77,57.2,87,82,5.41
341,Puerto Escondido,MX,2020-10-20 01:18:35,15.85,-97.07,84.2,66,75,3.36
342,Los Llanos De Aridane,ES,2020-10-20 01:18:36,28.66,-17.92,78.8,61,100,6.93
343,Nago,JP,2020-10-20 01:16:54,26.59,127.98,84.2,70,40,18.34
344,Iepuresti,RO,2020-10-20 01:18:36,44.26,25.88,45.0,86,0,3.36
345,Andra,RU,2020-10-20 01:18:36,62.51,65.89,29.7,97,100,0.38
346,Baoning,CN,2020-10-20 01:18:36,25.34,110.03,60.8,93,20,5.41
347,Santa Isabel Do Rio Negro,BR,2020-10-20 01:18:36,-0.41,-65.02,73.85,96,100,0.94
348,Bhuj,IN,2020-10-20 01:18:36,23.27,69.67,80.92,81,58,6.6
349,Pilar,BR,2020-10-20 01:18:37,-9.6,-35.96,71.6,94,20,4.7
350,Kimbe,PG,2020-10-20 01:18:37,-5.55,150.14,81.01,78,98,1.28
351,Kahului,US,2020-10-20 01:18:37,20.89,-156.47,91.4,43,1,9.17
352,Torbay,CA,2020-10-20 01:18:37,47.67,-52.73,51.01,87,40,8.05
353,Andenes,NO,2020-10-20 01:18:37,69.31,16.12,28.4,79,0,3.36
354,Mega,ET,2020-10-20 01:18:37,4.05,38.3,61.34,81,62,3.31
355,Natal,BR,2020-10-20 01:18:37,-5.79,-35.21,77.0,83,40,3.36
356,Saint-Pierre,RE,2020-10-20 01:18:37,-21.34,55.48,69.8,60,0,4.7
357,Sri Aman,MY,2020-10-20 01:18:38,1.24,111.46,78.8,94,40,5.82
358,Allapalli,IN,2020-10-20 01:18:38,19.42,80.07,72.99,94,98,2.46
359,Fatehpur Sikri,IN,2020-10-20 01:18:38,27.1,77.67,73.02,21,0,2.95
360,Kununurra,AU,2020-10-20 01:18:38,-15.77,128.73,91.4,55,2,8.05
361,Mount Gambier,AU,2020-10-20 01:18:38,-37.83,140.77,59.0,54,75,3.36
362,Talnakh,RU,2020-10-20 01:15:58,69.49,88.4,14.0,85,90,4.47
363,Amahai,ID,2020-10-20 01:18:39,-3.33,128.92,83.34,68,70,1.19
364,Glace Bay,CA,2020-10-20 01:18:39,46.2,-59.96,55.99,100,90,5.82
365,Lanxi,CN,2020-10-20 01:18:39,29.22,119.48,62.22,79,0,2.77
366,Merauke,ID,2020-10-20 01:18:39,-8.47,140.33,83.32,73,66,7.9
367,Dana Point,US,2020-10-20 01:18:39,33.47,-117.7,70.0,84,21,4.36
368,Bundaberg,AU,2020-10-20 01:18:39,-24.85,152.35,77.0,57,90,13.87
369,Olinda,BR,2020-10-20 01:18:39,-8.01,-34.86,80.6,69,40,9.17
370,Lompoc,US,2020-10-20 01:15:48,34.64,-120.46,61.0,87,40,9.17
371,Uige,AO,2020-10-20 01:18:40,-7.61,15.06,66.67,96,51,1.95
372,Kysyl-Syr,RU,2020-10-20 01:18:40,63.9,122.76,22.24,96,95,7.94
373,Catalina,US,2020-10-20 01:18:40,32.51,-110.92,84.99,12,0,5.5
374,Mogadishu,SO,2020-10-20 01:18:40,2.04,45.34,78.46,85,16,10.13
375,Superior,US,2020-10-20 01:18:40,46.72,-92.1,33.8,90,90,3.36
376,Taksimo,RU,2020-10-20 01:18:40,56.34,114.88,28.35,89,100,2.3
377,Ust-Tsilma,RU,2020-10-20 01:18:40,65.44,52.15,27.81,97,100,6.82
378,Medina,SA,2020-10-20 01:18:41,24.47,39.61,75.2,9,0,5.64
379,America Dourada,BR,2020-10-20 01:18:41,-11.46,-41.44,72.9,71,2,12.71
380,Panaba,MX,2020-10-20 01:18:41,21.28,-88.27,75.25,92,0,7.92
381,Tokur,RU,2020-10-20 01:18:41,53.13,132.9,24.12,87,91,3.83
382,Savannah Bight,HN,2020-10-20 01:18:41,16.45,-85.85,83.3,74,17,9.95
383,Lafayette,US,2020-10-20 01:15:03,30.23,-92.07,75.2,83,1,3.94
384,Franklin,US,2020-10-20 01:14:06,39.97,-83.02,57.99,100,90,4.34
385,Phan Thiet,VN,2020-10-20 01:18:42,10.93,108.1,79.61,81,96,3.42
386,Mopipi,BW,2020-10-20 01:18:42,-21.18,24.88,79.11,17,0,7.99
387,Vostok,RU,2020-10-20 01:18:42,46.49,135.88,42.24,60,0,3.29
388,Preobrazheniye,RU,2020-10-20 01:18:42,42.9,133.91,58.37,49,0,2.33
389,Woudenberg,NL,2020-10-20 01:18:42,52.08,5.42,48.0,76,100,3.0
390,Alice Springs,AU,2020-10-20 01:14:02,-23.7,133.88,77.0,50,75,11.41
391,Dodge City,US,2020-10-20 01:18:42,37.75,-100.02,46.4,55,1,8.05
392,Aasiaat,GL,2020-10-20 01:18:42,68.71,-52.87,36.03,84,100,16.67
393,Urumqi,CN,2020-10-20 01:14:21,43.8,87.6,46.4,45,0,2.24
394,Vanimo,PG,2020-10-20 01:18:43,-2.67,141.3,84.38,69,100,2.75
395,Wasco,US,2020-10-20 01:16:11,35.59,-119.34,84.99,23,1,5.82
396,Simao,CN,2020-10-20 01:18:43,22.79,100.97,61.48,94,100,1.63
397,Polovinnoye,RU,2020-10-20 01:18:43,54.79,65.99,48.0,68,92,3.29
398,Esso,RU,2020-10-20 01:18:43,55.93,158.7,33.28,86,100,1.36
399,Rognan,NO,2020-10-20 01:18:43,67.1,15.39,35.01,81,100,5.75
400,Evensk,RU,2020-10-20 01:18:44,61.95,159.23,37.31,88,100,19.15
401,Anastasiyevskaya,RU,2020-10-20 01:18:44,45.22,37.89,44.6,87,20,2.24
402,Buala,SB,2020-10-20 01:15:46,-8.14,159.59,86.2,68,89,3.44
403,Jacareacanga,BR,2020-10-20 01:18:44,-6.22,-57.75,77.97,72,100,1.57
404,Cervo,ES,2020-10-20 01:18:44,43.67,-7.41,63.0,17,100,6.06
405,Roald,NO,2020-10-20 01:15:38,62.58,6.13,37.4,74,32,5.82
406,Roebourne,AU,2020-10-20 01:16:00,-20.78,117.13,80.98,38,0,4.43
407,Staroderevyankovskaya,RU,2020-10-20 01:18:44,46.13,38.97,50.85,68,17,6.13
408,Daura,NG,2020-10-20 01:18:45,11.55,11.41,78.71,29,0,3.44
409,Sulangan,PH,2020-10-20 01:18:45,11.14,123.72,83.23,76,100,10.6
410,Taltal,CL,2020-10-20 01:18:45,-25.4,-70.48,58.84,71,0,2.39
411,Chacabuco,AR,2020-10-20 01:18:45,-34.64,-60.47,57.99,94,100,7.0
412,San Jose De Guanipa,VE,2020-10-20 01:18:45,8.89,-64.17,80.33,66,11,5.14
413,Bilibino,RU,2020-10-20 01:15:22,68.05,166.44,17.08,93,18,3.27
414,Saint-Leu,RE,2020-10-20 01:18:45,-21.15,55.28,69.8,60,0,4.7
415,Alyangula,AU,2020-10-20 01:18:45,-13.85,136.42,84.2,66,0,10.29
416,Ambanja,MG,2020-10-20 01:18:46,-13.68,48.45,71.31,81,0,3.4
417,Barcelos,PT,2020-10-20 01:17:14,41.54,-8.62,62.6,100,90,11.41
418,Geisenheim,DE,2020-10-20 01:18:46,49.98,7.97,42.01,86,100,1.99
419,Sibiti,CG,2020-10-20 01:18:46,-3.68,13.35,70.12,100,100,3.09
420,Gornopravdinsk,RU,2020-10-20 01:18:46,60.05,69.9,36.88,98,100,6.29
421,Bicester,GB,2020-10-20 01:18:46,51.9,-1.15,53.01,78,100,1.99
422,San-Pedro,CI,2020-10-20 01:18:46,4.75,-6.64,75.96,87,21,6.42
423,Kaeo,NZ,2020-10-20 01:18:46,-35.1,173.78,66.49,62,100,10.87
424,Delmenhorst,DE,2020-10-20 01:18:47,53.05,8.62,44.6,87,100,6.93
425,Barinitas,VE,2020-10-20 01:18:47,8.76,-70.41,72.43,81,99,3.0
426,Ayr,GB,2020-10-20 01:18:47,55.46,-4.63,50.0,93,75,14.99
427,Vestmanna,FO,2020-10-20 01:18:47,62.16,-7.17,41.0,75,2,6.93
428,Clovis,US,2020-10-20 01:16:12,36.83,-119.7,87.8,23,20,6.93
429,Cangzhou,CN,2020-10-20 01:18:47,38.32,116.87,61.79,38,100,12.75
430,Tromso,NO,2020-10-20 01:18:47,69.65,18.96,23.0,92,0,5.82
431,Sonoita,MX,2020-10-20 01:18:47,31.85,-112.83,83.32,18,0,4.83
432,Kieta,PG,2020-10-20 01:18:48,-6.22,155.63,85.68,68,5,4.97
433,Cairns,AU,2020-10-20 01:18:48,-16.92,145.77,87.01,54,11,6.93
434,Lucapa,AO,2020-10-20 01:18:48,-8.42,20.74,65.1,92,0,1.45
435,Beatrice,US,2020-10-20 01:18:48,40.27,-96.75,42.8,60,1,5.82
436,Carlsbad,US,2020-10-20 01:18:48,33.16,-117.35,70.0,88,75,8.05
437,Zaysan,KZ,2020-10-20 01:18:48,47.47,84.87,33.82,68,0,3.36
438,Chapais,CA,2020-10-20 01:16:25,49.78,-74.85,28.4,92,20,3.36
439,Tecpan,GT,2020-10-20 01:18:49,14.76,-90.99,68.0,82,75,11.41
440,Maxixe,MZ,2020-10-20 01:18:49,-23.86,35.35,68.36,86,0,11.16
441,Narsaq,GL,2020-10-20 01:18:49,60.92,-46.05,33.8,82,100,3.36
442,Balkanabat,TM,2020-10-20 01:16:30,39.51,54.37,55.65,38,0,0.85
443,Flinders,AU,2020-10-20 01:18:49,-34.58,150.86,68.0,67,95,4.0
444,Skovorodino,RU,2020-10-20 01:18:49,53.98,123.92,29.43,93,100,7.4
445,Erenhot,CN,2020-10-20 01:18:49,43.65,111.98,52.14,38,65,25.79
446,Honningsvag,NO,2020-10-20 01:18:49,70.98,25.97,40.17,79,100,15.01
447,Qostanay,KZ,2020-10-20 01:18:50,53.17,63.58,32.0,53,91,11.18
448,Havre,FR,2020-10-20 01:18:50,49.58,0.33,53.6,71,100,9.17
449,Sulina,RO,2020-10-20 01:18:50,45.16,29.65,51.93,53,0,3.76
450,Altos,BR,2020-10-20 01:17:42,-5.04,-42.46,89.6,43,100,11.41
451,Pradopolis,BR,2020-10-20 01:18:50,-21.36,-48.07,69.8,94,20,5.82
452,Shache,CN,2020-10-20 01:16:22,38.42,77.24,38.16,73,0,1.25
453,Lethem,GY,2020-10-20 01:18:50,3.38,-59.8,82.36,61,99,5.03
454,Nalut,LY,2020-10-20 01:18:51,30.33,10.85,56.68,68,0,15.95
455,Puerto Penasco,MX,2020-10-20 01:14:23,31.32,-113.53,84.0,77,0,1.99
456,Havoysund,NO,2020-10-20 01:18:51,71.0,24.66,33.8,100,75,6.93
457,Batemans Bay,AU,2020-10-20 01:13:58,-35.72,150.18,64.0,75,71,3.0
458,Totma,RU,2020-10-20 01:18:51,59.97,42.76,31.75,99,99,4.65
459,Gevrai,IN,2020-10-20 01:18:51,19.27,75.75,73.92,85,9,3.44
460,Pacific Grove,US,2020-10-20 01:18:51,36.62,-121.92,66.99,93,90,3.36
461,Abha,SA,2020-10-20 01:18:51,18.22,42.51,53.6,27,0,9.17
462,Lichinga,MZ,2020-10-20 01:18:52,-13.31,35.24,63.09,52,0,4.76
463,Samarai,PG,2020-10-20 01:18:52,-10.62,150.67,81.27,80,12,7.31
464,Pochutla,MX,2020-10-20 01:18:52,15.74,-96.47,80.01,83,88,4.41
465,Tura,IN,2020-10-20 01:18:52,25.52,90.22,73.4,89,11,3.31
466,Klaksvik,FO,2020-10-20 01:18:52,62.23,-6.59,41.0,75,2,6.93
467,Neuquen,AR,2020-10-20 01:18:52,-38.95,-68.06,60.8,32,0,5.82
468,Bay Roberts,CA,2020-10-20 01:18:52,47.6,-53.26,48.99,92,100,5.99
469,Hoquiam,US,2020-10-20 01:18:52,46.98,-123.89,55.0,88,100,6.89
470,Estelle,US,2020-10-20 01:18:53,29.85,-90.11,77.0,94,75,4.7
471,Dalvik,IS,2020-10-20 01:18:53,65.97,-18.53,30.2,92,75,3.36
472,Belaya Gora,RU,2020-10-20 01:18:53,68.53,146.42,13.8,94,74,3.6
473,Paamiut,GL,2020-10-20 01:18:53,61.99,-49.67,41.43,69,100,26.26
474,Vila,PT,2020-10-20 01:18:53,42.03,-8.16,55.99,95,99,5.99
475,Quatre Cocos,MU,2020-10-20 01:18:53,-20.21,57.76,73.4,78,20,8.05
476,North Bend,US,2020-10-20 01:18:53,43.41,-124.22,61.0,87,1,17.22
477,Presidencia Roque Saenz Pena,AR,2020-10-20 01:17:24,-26.79,-60.44,85.53,47,0,9.46
478,Tuatapere,NZ,2020-10-20 01:18:53,-46.13,167.68,52.0,76,85,13.0
479,Leningradskiy,RU,2020-10-20 01:16:18,69.38,178.42,27.23,91,56,6.76
480,Meulaboh,ID,2020-10-20 01:18:54,4.14,96.13,79.47,77,0,3.27
481,San Carlos De Bariloche,AR,2020-10-20 01:18:54,-41.15,-71.31,37.4,69,20,5.82
482,Hatillo,PR,2020-10-20 01:18:54,18.49,-66.83,79.0,78,40,5.82
483,Itupiranga,BR,2020-10-20 01:18:54,-5.13,-49.33,80.98,62,100,3.22
484,Pitea,SE,2020-10-20 01:18:54,65.32,21.48,24.8,92,100,8.05
485,Dawei,MM,2020-10-20 01:16:44,14.08,98.2,76.66,87,100,4.81
486,Santa Rita,BR,2020-10-20 01:18:54,-7.11,-34.98,73.4,88,20,4.7
487,Amparafaravola,MG,2020-10-20 01:18:55,-17.58,48.22,58.98,94,35,3.98
488,Mukhen,RU,2020-10-20 01:18:55,48.1,136.1,41.95,58,0,6.38
489,Sabang,ID,2020-10-20 01:18:55,5.89,95.32,82.22,74,54,7.81
490,Pucallpa,PE,2020-10-20 01:18:55,-8.38,-74.55,82.42,59,23,2.68
491,Anito,PH,2020-10-20 01:18:55,12.45,125.29,82.17,82,97,8.77
492,Athabasca,CA,2020-10-20 01:18:55,54.72,-113.29,24.66,97,100,3.71
493,Fort Beaufort,ZA,2020-10-20 01:18:55,-32.77,26.63,58.14,79,100,8.16
494,Bandundu,CD,2020-10-20 01:15:35,-3.32,17.37,71.69,94,63,3.0
495,Puerto Leguizamo,CO,2020-10-20 01:16:43,-0.19,-74.78,77.79,71,97,0.38
496,Sao Jose Da Coroa Grande,BR,2020-10-20 01:18:56,-8.9,-35.15,75.87,77,11,10.04
497,Saint-Joseph,RE,2020-10-20 01:18:56,-21.37,55.62,69.8,60,17,4.7
498,Biloela,AU,2020-10-20 01:18:56,-24.42,150.5,84.29,38,65,10.58
499,Iqaluit,CA,2020-10-20 01:18:56,63.75,-68.51,21.2,85,75,4.7
500,Walvis Bay,NA,2020-10-20 01:16:34,-22.96,14.51,55.99,87,0,8.05
501,Tucuma,BR,2020-10-20 01:16:00,-0.18,-50.05,78.84,80,0,7.09
502,Ordynskoye,RU,2020-10-20 01:18:56,54.37,81.9,38.34,69,100,15.59
503,Semnan,IR,2020-10-20 01:16:30,35.57,53.4,52.66,37,0,1.72
504,Riyadh,SA,2020-10-20 01:17:20,24.69,46.72,62.6,29,0,4.7
505,Dandong,CN,2020-10-20 01:18:57,40.13,124.39,60.49,70,0,6.62
506,Lagunillas,VE,2020-10-20 01:18:57,10.13,-71.26,81.12,70,100,5.3
507,Mardin,TR,2020-10-20 01:18:57,37.31,40.74,60.8,40,33,3.36
508,Matveyevka,RU,2020-10-20 01:18:57,52.15,56.18,42.8,45,100,4.47
509,Lebanon,US,2020-10-20 01:15:28,36.21,-86.29,68.0,77,75,4.7
510,Mercedes,AR,2020-10-20 01:18:57,-34.65,-59.43,62.01,59,100,3.0
511,Khandbari,NP,2020-10-20 01:18:57,27.37,87.2,67.06,62,0,2.44
512,Kenai,US,2020-10-20 01:18:58,60.55,-151.26,42.01,69,90,4.7
513,Tabas,IR,2020-10-20 01:16:36,33.6,56.92,48.2,16,0,2.91
514,Tocopilla,CL,2020-10-20 01:18:58,-22.09,-70.2,61.61,61,37,8.37
515,La Palma,US,2020-10-20 01:18:58,33.85,-118.05,73.99,64,1,6.93
516,San Vicente,AR,2020-10-20 01:18:58,-26.62,-54.13,70.23,63,0,2.15
517,Elk City,US,2020-10-20 01:18:58,35.41,-99.4,51.8,57,1,4.7
518,Japura,ID,2020-10-20 01:18:58,-0.32,102.35,79.59,86,98,1.23
519,Ponta Delgada,PT,2020-10-20 01:18:58,37.73,-25.67,60.8,72,20,9.17
520,Jesus Maria,AR,2020-10-20 01:18:59,-30.98,-64.09,64.4,42,75,24.16
521,Skibotn,NO,2020-10-20 01:18:59,69.39,20.27,23.0,92,0,5.82
522,Kaniama,CD,2020-10-20 01:18:59,-7.57,24.18,67.82,92,69,1.77
523,Tignere,CM,2020-10-20 01:18:59,7.37,12.65,64.67,74,4,0.65
524,Dicabisagan,PH,2020-10-20 01:18:59,17.08,122.42,80.91,85,100,15.48
525,Chadiza,ZM,2020-10-20 01:18:59,-14.07,32.44,68.31,53,0,3.8
526,Gilgit,PK,2020-10-20 01:18:59,35.92,74.31,55.36,34,0,4.99
527,Kattivakkam,IN,2020-10-20 01:18:59,13.22,80.32,78.8,88,75,4.7
528,Bayji,IQ,2020-10-20 01:19:00,34.93,43.49,67.77,27,0,6.17
529,Saint-Denis,FR,2020-10-20 01:15:49,48.92,2.33,51.8,76,100,9.17
530,Kashi,CN,2020-10-20 01:19:00,39.45,75.98,51.8,32,0,11.18
531,Bedford,GB,2020-10-20 01:14:00,52.13,-0.47,54.0,80,100,1.01
532,Galle,LK,2020-10-20 01:19:00,6.04,80.22,79.5,83,100,12.15
533,Pokhara,NP,2020-10-20 01:15:03,28.23,83.98,65.73,55,2,4.16
534,Coahuayana,MX,2020-10-20 01:19:00,18.73,-103.68,78.8,83,75,9.17
535,Norman Wells,CA,2020-10-20 01:15:46,65.28,-126.83,19.4,73,75,13.87
536,Gigmoto,PH,2020-10-20 01:19:01,13.78,124.39,79.59,86,100,7.49
537,Victor Harbor,AU,2020-10-20 01:19:01,-35.57,138.62,62.01,73,100,6.55
538,Ternate,ID,2020-10-20 01:15:51,0.8,127.4,83.46,71,64,8.12
539,Jonkoping,SE,2020-10-20 01:19:01,57.78,14.16,34.0,92,100,2.24
540,Capaci,IT,2020-10-20 01:19:01,38.17,13.24,57.99,67,0,5.82
541,Mednogorsk,RU,2020-10-20 01:19:01,51.41,57.59,48.27,48,98,6.22
542,Lisakovsk,KZ,2020-10-20 01:19:01,52.54,62.49,47.77,50,29,9.82
543,Sinegorskiy,RU,2020-10-20 01:19:02,48.01,40.84,43.0,75,1,4.94
544,Matata,NZ,2020-10-20 01:19:02,-37.88,176.75,64.99,76,82,3.0
545,Biltine,TD,2020-10-20 01:19:02,14.53,20.92,81.93,17,0,7.65
546,Buga,CO,2020-10-20 01:19:02,3.9,-76.3,69.8,83,40,4.7
547,Bahar,IR,2020-10-20 01:19:02,34.91,48.44,43.14,57,0,0.87
548,Khandyga,RU,2020-10-20 01:19:02,62.67,135.6,15.91,92,96,3.06
549,Villa Carlos Paz,AR,2020-10-20 01:14:47,-31.42,-64.5,66.2,39,75,20.8
550,Adre,TD,2020-10-20 01:19:03,13.47,22.2,74.95,22,0,10.49
551,Mehamn,NO,2020-10-20 01:19:03,71.04,27.85,37.83,79,100,14.47
552,Huarmey,PE,2020-10-20 01:19:03,-10.07,-78.15,62.53,85,3,7.09
553,Vardo,NO,2020-10-20 01:19:03,70.37,31.11,40.48,71,100,16.96
554,Shambu,ET,2020-10-20 01:19:03,9.57,37.1,48.52,99,0,1.86
555,Chirongui,YT,2020-10-20 01:19:03,-12.93,45.15,73.4,88,36,1.12
556,Lahaina,US,2020-10-20 01:15:04,20.88,-156.68,91.4,55,40,6.93
557,Yakeshi,CN,2020-10-20 01:19:03,49.28,120.73,41.77,66,100,5.37
558,Havelock,US,2020-10-20 01:19:04,34.88,-76.9,68.0,82,75,6.93
